{
  "id": "",
  "name": "",
  "font_family": "iconfont",
  "css_prefix_text": "icon-",
  "description": "",
  "glyphs": [
    {
      "icon_id": "3740885",
      "name": "西瓜",
      "font_class": "xigua",
      "unicode": "e651",
      "unicode_decimal": 58961
    },
    {
      "icon_id": "5113722",
      "name": "奶茶",
      "font_class": "naicha",
      "unicode": "e612",
      "unicode_decimal": 58898
    },
    {
      "icon_id": "5171352",
      "name": "甜甜圈",
      "font_class": "icon-test",
      "unicode": "e618",
      "unicode_decimal": 58904
    },
    {
      "icon_id": "5191503",
      "name": "冰淇淋",
      "font_class": "bingqilin",
      "unicode": "e621",
      "unicode_decimal": 58913
    },
    {
      "icon_id": "7602801",
      "name": "曲奇",
      "font_class": "quqi",
      "unicode": "e646",
      "unicode_decimal": 58950
    },
    {
      "icon_id": "8145321",
      "name": "可乐",
      "font_class": "FastFood-",
      "unicode": "e636",
      "unicode_decimal": 58934
    },
    {
      "icon_id": "8506015",
      "name": "薯条",
      "font_class": "shutiao",
      "unicode": "e7d5",
      "unicode_decimal": 59349
    },
    {
      "icon_id": "10064276",
      "name": "拉面",
      "font_class": "lamian",
      "unicode": "e8d8",
      "unicode_decimal": 59608
    },
    {
      "icon_id": "10404666",
      "name": "汉堡",
      "font_class": "hanbao",
      "unicode": "e602",
      "unicode_decimal": 58882
    }
  ]
}
